"","TRACTCE10","cluster","state","county","tot_pop","med_income","per_cap_income","perc_under_poverty","perc_unemployment_rate","perc_white","perc_aa","perc_hispanic","perc_other_race","perc_ed_high","perc_ed_college","perc_ed_att_col_deg","perc_other_ed","perc_citizen","perc_non_citizen","tourist"
"1","000107",4,12,86,2574,53193,38220,11.1,3.4,53.4,1.4,40.2,5,14.1,30.1,21.5,34.3,84.8,15.2,"N.Tourist"
"2","000118",4,12,86,1182,89091,94191,16.4,3.7,69.4,0,29.7,0.9,9.7,33.1,33.1,24.1,76.5,23.5,"N.Tourist"
"3","000120",4,12,86,4425,69698,51683,8.8,3,46.4,3.6,46,4,17,28.6,19.3,35.1,84.9,15.1,"N.Tourist"
"4","000127",4,12,86,2856,40805,35545,13.4,1.6,54.3,3.7,41.3,0.7,14.5,17.7,16.1,51.7,85.1,14.9,"N.Tourist"
"5","000128",2,12,86,2556,51646,31963,6,3,41.1,4,53.9,1,23.5,22.6,17.8,36.1,84.2,15.8,"N.Tourist"
"6","000130",2,12,86,2535,63606,63667,8.2,3,70.2,3.2,26.6,0,12.4,31,26.4,30.2,70.8,29.2,"N.Tourist"
"7","000131",4,12,86,2758,75153,62350,5.5,0.9,59.9,0.4,38.6,1.1,7.3,29.6,28.2,34.9,77.6,22.4,"N.Tourist"
"8","000134",2,12,86,3357,33614,25908,19.2,7.5,37.7,3,55,4.3,23.7,17.7,14.7,43.9,76.5,23.5,"N.Tourist"
"9","000202",2,12,86,7335,37107,18217,18,10.1,25.2,24,41.6,9.2,32.8,12,6.1,49.1,84.1,15.9,"N.Tourist"
"10","000204",1,12,86,4980,45370,15344,18.9,9.1,3.8,74.4,19.3,2.5,34.3,11.4,4.2,50.1,86.1,13.9,"N.Tourist"
"11","000206",2,12,86,6195,38547,13914,31.9,14.6,7.2,65.2,24.8,2.8,31.9,9.8,5.8,52.5,75.5,24.5,"N.Tourist"
"12","000211",1,12,86,2978,46379,19949,13.9,11.5,28,19.5,44.7,7.8,26.8,13.9,5.9,53.4,80.6,19.4,"N.Tourist"
"13","000213",1,12,86,5725,37887,16762,21.6,14,32.6,47.4,18.1,1.9,27,19.8,6.2,47,87.6,12.4,"N.Tourist"
"14","000214",1,12,86,5725,27461,21780,23.4,5.8,27.4,26,38.5,8.1,28.2,10.6,7,54.2,77.3,22.7,"N.Tourist"
"15","000215",1,12,86,4149,35404,13423,24,12.8,4,66.1,20.8,9.1,37.8,7.2,3.4,51.6,70.4,29.6,"N.Tourist"
"16","000216",2,12,86,4863,53694,16082,19.1,20,0.8,69.2,24.8,5.2,31.7,13.7,2.3,52.3,79.3,20.7,"N.Tourist"
"17","000217",1,12,86,6709,36402,13712,24.8,13.7,2.7,76.4,16.2,4.7,31.6,9.8,2.8,55.8,74.5,25.5,"N.Tourist"
"18","000218",2,12,86,3640,37390,13472,22.9,11.9,4.5,78.5,13.9,3.1,21.7,7.9,4.1,66.3,72.8,27.2,"N.Tourist"
"19","000219",2,12,86,4858,23713,13131,44.6,12,8.5,59.5,26.8,5.2,24.8,12.1,5.9,57.2,73.6,26.4,"N.Tourist"
"20","000302",1,12,86,2721,63188,25140,9.8,12.4,8,64.9,24.3,2.8,34,15,12.7,38.3,82.3,17.7,"N.Tourist"
"21","000306",2,12,86,5413,29816,16521,27.6,10.1,8.5,74.4,15.9,1.2,31.5,12.1,3.9,52.5,74.7,25.3,"N.Tourist"
"22","000403",2,12,86,5913,20900,14803,39.4,13.9,2,81.1,16.5,0.4,43.5,8.5,0.6,47.4,87,13,"N.Tourist"
"23","000404",1,12,86,7034,37703,16978,13.3,17.5,0.4,65.6,34,0,42.1,8.5,2.8,46.6,84.8,15.2,"N.Tourist"
"24","000405",2,12,86,5014,48633,13582,20.1,15.8,5.2,68.2,22.9,3.7,33.4,10.3,2.1,54.2,79.8,20.2,"N.Tourist"
"25","000408",1,12,86,4270,23899,15528,31.6,18,5.6,65.7,28.1,0.6,42.1,5.6,2.7,49.6,82.6,17.4,"N.Tourist"
"26","000410",2,12,86,4572,42050,13756,17.7,8.5,3.1,59.5,36.4,1,35.4,5.4,4.2,55,72.4,27.6,"N.Tourist"
"27","000411",1,12,86,5803,27428,12408,28.7,14.1,0.5,77.9,20.7,0.9,35.3,9,1.1,54.6,79.1,20.9,"N.Tourist"
"28","000501",2,12,86,7978,26836,11245,38.1,11.8,8.1,52.4,38.7,0.8,39,10.2,4.6,46.2,87.8,12.2,"N.Tourist"
"29","000503",2,12,86,7387,17869,9732,50,5.4,2.1,50,47,0.9,40.7,5.8,1.2,52.3,78.5,21.5,"N.Tourist"
"30","000504",2,12,86,4902,20597,12127,31.9,12.9,2.3,38.9,58,0.8,37.1,9.3,1.9,51.7,81,19,"N.Tourist"
"31","000601",2,12,86,5270,31161,13539,31.7,10,6.3,0.4,93.3,0,37.4,9,2.7,50.9,74.2,25.8,"N.Tourist"
"32","000607",2,12,86,5355,28611,14148,25,8.1,2.3,0,97.7,0,35.3,10.5,3,51.2,66.3,33.7,"N.Tourist"
"33","000608",2,12,86,7269,22991,13451,36.9,10.5,3.8,1.1,95.2,0,36.6,7.7,1.2,54.5,47.4,52.6,"N.Tourist"
"34","000705",2,12,86,4897,22652,15495,27.8,13.9,0.8,0.4,98.7,0.1,33.2,11,7.5,48.3,66.6,33.4,"N.Tourist"
"35","000707",2,12,86,7427,40315,14762,17.5,11.6,3.2,0.1,95.9,0.8,33,12.4,2.8,51.8,71.5,28.5,"N.Tourist"
"36","000708",2,12,86,7339,31116,14762,25.6,9.6,1.1,0.6,97.2,1.1,35.2,9.7,4.1,51,58.1,41.9,"N.Tourist"
"37","000709",2,12,86,6564,31575,15005,23,2.9,0.6,0.2,99.2,0,40.6,8.9,2.5,48,63.4,36.6,"N.Tourist"
"38","000711",2,12,86,5668,27003,14627,29.2,14.7,1.6,2.7,93.9,1.8,40.3,8.3,2.6,48.8,60.8,39.2,"N.Tourist"
"39","000804",2,12,86,5022,32054,13405,28.2,8.2,2.3,0,97.7,0,43.7,13.6,2,40.7,62.1,37.9,"N.Tourist"
"40","000806",2,12,86,4890,23531,12145,36.9,7,1.3,0.9,97.4,0.4,39.6,5.3,0.6,54.5,55.8,44.2,"N.Tourist"
"41","000807",2,12,86,3838,14381,8797,50.2,22.8,3.5,2.4,94.1,0,29.5,11.5,1.7,57.3,62.2,37.8,"N.Tourist"
"42","000903",1,12,86,2744,26860,12036,25.4,15.1,1.1,42.5,56.4,0,39.5,9,2.6,48.9,68.6,31.4,"N.Tourist"
"43","001002",1,12,86,6314,43958,17814,34,15.2,4.3,67.1,27.8,0.8,39.3,7.8,7,45.9,86.1,13.9,"N.Tourist"
"44","001003",1,12,86,4994,33598,15026,27.2,13.2,0.7,74.5,24.6,0.2,33.7,7.8,2.9,55.6,88.9,11.1,"N.Tourist"
"45","001004",1,12,86,6742,23708,11336,46.5,23.7,2.7,80.4,16.5,0.4,44.5,6.6,2.3,46.6,87.7,12.3,"N.Tourist"
"46","001005",1,12,86,2143,26961,14681,23.6,18.8,4,77.1,18.6,0.3,35.5,9.8,5.4,49.3,91.9,8.1,"N.Tourist"
"47","001006",1,12,86,4866,36768,13870,28.6,16.2,4.9,61.3,30.7,3.1,30.4,7.6,5.7,56.3,80.7,19.3,"N.Tourist"
"48","001101",1,12,86,5519,45625,17253,16.1,8.4,10.1,62.7,23.3,3.9,27.5,12.4,3.7,56.4,80.7,19.3,"N.Tourist"
"49","001103",1,12,86,3777,36250,18355,31.1,14.9,8.4,67.2,22.6,1.8,32,10.1,5.5,52.4,82.7,17.3,"N.Tourist"
"50","001104",2,12,86,4829,95607,39146,9.7,5.4,36.8,24,33.4,5.8,16.2,25.8,22.7,35.3,89.1,10.9,"N.Tourist"
"51","001204",1,12,86,5759,43942,33868,11.5,7.7,39.9,16.3,40.6,3.2,21.6,24.9,14,39.5,82.4,17.6,"N.Tourist"
"52","001205",2,12,86,3169,108036,43317,6.3,6.2,56.5,5.3,33.7,4.5,13.5,31.8,23.4,31.3,92.8,7.2,"N.Tourist"
"53","001302",3,12,86,5433,60428,47485,12.6,5.8,34.8,25.2,36.8,3.2,16.9,25.5,15.4,42.2,83.6,16.4,"N.Tourist"
"54","001401",3,12,86,5145,19865,12231,47,24.3,2.2,87.4,9.4,1,29.4,11.5,4.1,55,82.4,17.6,"N.Tourist"
"55","001702",1,12,86,2763,22731,14106,28,18.3,3.3,63.5,32.4,0.8,44.6,5.2,4.1,46.1,87.3,12.7,"N.Tourist"
"56","001703",1,12,86,4689,22725,11358,35.7,11.1,1,2.3,94.4,2.3,35.8,4,2.6,57.6,63.4,36.6,"N.Tourist"
"57","001802",1,12,86,3743,29632,16065,33.2,15.5,0,63.4,35.7,0.9,36.9,14.9,1.1,47.1,85.8,14.2,"N.Tourist"
"58","001803",1,12,86,3295,12654,8143,63.1,23.3,0.2,72.4,27.2,0.2,33.4,5.8,0,60.8,90.6,9.4,"N.Tourist"
"59","001904",3,12,86,4560,23534,10467,37,18.8,0.9,84.1,14.4,0.6,44.3,5.7,1.5,48.5,94.9,5.1,"N.Tourist"
"60","002003",3,12,86,3863,23267,11578,38.3,19.2,5,72.7,18.9,3.4,32.7,6.6,2.8,57.9,79.1,20.9,"Tourist"
"61","002100",3,12,86,2752,67708,52206,21.1,10,41.1,21.3,36.6,1,27.5,27.5,18.8,26.2,88.3,11.7,"N.Tourist"
"62","002201",3,12,86,3901,46060,23538,12.6,7.1,17.4,40.9,40.3,1.4,26.7,18.3,6.1,48.9,83.7,16.3,"N.Tourist"
"63","002202",3,12,86,6362,27442,13715,37.4,11.5,4.3,63.8,31.4,0.5,36.9,9.9,3.2,50,80.6,19.4,"N.Tourist"
"64","002300",3,12,86,4820,25708,14843,36.2,16.4,0.9,78.2,19.4,1.5,37.8,3.5,1.2,57.5,87.9,12.1,"N.Tourist"
"65","002404",3,12,86,4790,14029,13537,48,11.6,1.8,9.1,89.1,0,31.7,5.1,3.2,60,63.4,36.6,"N.Tourist"
"66","002600",3,12,86,6931,39957,20277,33.7,10.3,10.4,13,74.7,1.9,23.3,25.6,11.2,39.9,63.5,36.5,"N.Tourist"
"67","002702",3,12,86,3505,46250,24788,27.9,18.7,12.2,16.7,68.4,2.7,17.8,19.3,8.8,54.1,60.8,39.2,"N.Tourist"
"68","002703",4,12,86,5994,84680,60261,9.4,1.6,42.4,6.6,47,4,11.3,33.5,27.2,28,80.1,19.9,"Tourist"
"69","002705",3,12,86,3099,57132,39177,19.6,9.4,29.6,7,60.4,3,17.3,26.5,23.8,32.4,71,29,"N.Tourist"
"70","002706",3,12,86,4507,60588,36970,16,4.2,30.7,7.3,58.8,3.2,20.6,30.5,20.5,28.4,71.1,28.9,"N.Tourist"
"71","002800",3,12,86,1386,20682,11598,52.3,14.6,6.6,60.7,32,0.7,35.2,10.1,4,50.7,83.5,16.5,"Tourist"
"72","002900",3,12,86,6871,27286,11880,24.6,9.4,4.1,12.5,83.3,0.1,40.7,5.9,1.7,51.7,74.8,25.2,"N.Tourist"
"73","003004",3,12,86,5168,17261,13815,38.6,5.6,5.6,17.6,74.7,2.1,34.4,7.4,3.5,54.7,64.2,35.8,"N.Tourist"
"74","003100",3,12,86,4450,13660,12132,47.9,27.1,3.1,71.6,24.3,1,30,10.9,1.1,58,87.8,12.2,"N.Tourist"
"75","003400",3,12,86,1763,19036,12015,44.9,35.1,8.1,74.3,17.6,0,29.4,6.9,2.8,60.9,76.3,23.7,"Tourist"
"76","003601",3,12,86,3973,15331,15010,49.6,22.7,3.2,40.8,56,0,35.1,7.4,6.4,51.1,86.5,13.5,"Tourist"
"77","003702",1,12,86,4403,71928,65522,20.6,6.4,33.6,14.6,49,2.8,13.5,26.8,23.5,36.2,81.2,18.8,"Tourist"
"78","003703",3,12,86,1503,78333,59272,20.4,3.2,56.8,2.3,31.5,9.4,9.2,37.1,40.5,13.2,64.3,35.7,"N.Tourist"
"79","003704",3,12,86,1263,31932,27713,25.7,4.8,40.5,12.7,42,4.8,21,28.5,21.1,29.4,68.3,31.7,"Tourist"
"80","003705",2,12,86,1179,74167,50623,10.2,1.4,33.7,0,58.9,7.4,3.6,41.5,38.2,16.7,62.6,37.4,"Tourist"
"81","003707",3,12,86,1252,40588,40147,35.7,7.9,28.8,14.3,46,10.9,15.9,33.4,17.3,33.4,81.8,18.2,"N.Tourist"
"82","003803",4,12,86,2917,49869,53856,11.7,5.7,55.9,0,39.8,4.3,11.3,32.2,21.4,35.1,86.3,13.7,"Tourist"
"83","003906",4,12,86,3288,178438,92871,9.1,2.4,69.6,1.4,26.6,2.4,7.2,33,41.3,18.5,87,13,"N.Tourist"
"84","003912",4,12,86,4754,51250,38990,18,6,21,2.7,72.6,3.7,25.4,15.4,13.1,46.1,74.1,25.9,"N.Tourist"
"85","003916",4,12,86,4212,40885,30167,17.9,3.4,29.5,1.6,64.5,4.4,30.5,22.4,14.9,32.2,69.8,30.2,"N.Tourist"
"86","003917",4,12,86,5042,52075,29543,11.3,3.4,28.1,1.1,65.1,5.7,24.8,27.6,16,31.6,71,29,"N.Tourist"
"87","003919",4,12,86,2326,89015,65967,4,2.1,44.8,0,53.7,1.5,9,31.3,31.4,28.3,82.1,17.9,"Tourist"
"88","003921",4,12,86,2870,98203,80328,5.7,2.4,35.3,0.3,58.9,5.5,16.6,31.6,31,20.8,78.8,21.2,"N.Tourist"
"89","003922",4,12,86,2853,51291,52425,7.8,8.1,49.4,1.1,45.4,4.1,12.7,27.1,27.4,32.8,79.7,20.3,"Tourist"
"90","004000",4,12,86,5505,68109,46395,10.6,5.1,68.1,2.2,24.1,5.6,16.4,26.5,29.8,27.3,84.3,15.7,"Tourist"
"91","004103",2,12,86,2310,30158,35499,19.6,1.8,33,2.3,63.8,0.9,20.8,25,14.5,39.7,82.1,17.9,"Tourist"
"92","004106",4,12,86,4049,95321,62423,11.5,6.8,61.5,2,35.3,1.2,10.9,30,28.4,30.7,86.4,13.6,"Tourist"
"93","004204",4,12,86,2008,36559,37249,9.3,6.3,37.9,1.4,49,11.7,23.2,29.7,10.3,36.8,60.9,39.1,"Tourist"
"94","004205",4,12,86,2534,43339,46199,16.7,6.2,44,4.9,43.6,7.5,14.3,26,21.6,38.1,62.7,37.3,"Tourist"
"95","004404",4,12,86,1872,23309,27951,24.1,1.2,37.8,0.4,59.3,2.5,16,23.4,13.5,47.1,70.4,29.6,"Tourist"
"96","004405",4,12,86,3524,31784,23028,28.2,6.2,25.5,3.9,65.6,5,26.4,21,16.2,36.4,63.8,36.2,"N.Tourist"
"97","004406",4,12,86,2671,64468,45772,10.7,5.1,42.1,3,44.5,10.4,19.3,25.6,19.7,35.4,76.4,23.6,"Tourist"
"98","004605",4,12,86,3699,91615,50511,9.4,6.3,30.9,0,69.1,0,6.9,38,33.3,21.8,66.4,33.6,"N.Tourist"
"99","004607",4,12,86,3178,112917,112962,6.4,7.3,30.9,0,64.6,4.5,8.3,32.1,38.6,21,80.6,19.4,"Tourist"
"100","004608",4,12,86,1789,99167,63516,5,3.9,32.5,0,65.5,2,7.8,43.6,24.7,23.9,76.7,23.3,"Tourist"
"101","004703",2,12,86,5323,45814,23324,17.1,7.9,12.7,1.2,84.2,1.9,33.7,19.2,9.3,37.8,69.6,30.4,"N.Tourist"
"102","004901",3,12,86,3740,26404,13390,28.8,5.9,2.2,5.1,91.5,1.2,42,13.3,4.7,40,57.7,42.3,"N.Tourist"
"103","005001",3,12,86,7762,32064,14645,22.6,4.6,3.6,0.5,95.8,0.1,40,7.1,1.6,51.3,61.6,38.4,"N.Tourist"
"104","005102",3,12,86,4456,12341,17235,36.7,8,8.2,6.4,84.5,0.9,34.6,14.4,3.7,47.3,70.2,29.8,"N.Tourist"
"105","005103",3,12,86,2910,26618,16503,26.2,6,0.2,0.2,99.2,0.4,40.7,6.7,2.2,50.4,53.5,46.5,"N.Tourist"
"106","005104",3,12,86,4455,25188,14165,37.2,5.4,4.9,0.7,93.8,0.6,38.9,9,5.7,46.4,61.3,38.7,"N.Tourist"
"107","005201",3,12,86,5999,20442,11930,28.8,8.6,4.6,3.6,91.8,0,34.6,6.1,1.6,57.7,54.5,45.5,"N.Tourist"
"108","005202",3,12,86,6043,24876,12902,27.1,12,2.7,2.9,93.9,0.5,37.2,4.1,0.7,58,49.7,50.3,"N.Tourist"
"109","005405",3,12,86,3734,25448,15116,25.8,5.4,5.3,0.1,94.2,0.4,41,10.2,2.9,45.9,55.1,44.9,"Tourist"
"110","005407",3,12,86,2594,24803,16059,22.5,11.6,4,0.2,95.8,0,30.8,14.2,6.2,48.8,62,38,"N.Tourist"
"111","005501",3,12,86,6706,28500,17055,16.5,6.1,3.3,0.2,89.7,6.8,31.4,13.3,2,53.3,73.9,26.1,"Tourist"
"112","005701",3,12,86,6238,31136,19157,28.7,13.4,1.5,0.5,98,0,34.2,13.8,3,49,68.4,31.6,"N.Tourist"
"113","005901",2,12,86,4552,45803,24870,12,3.5,7.5,0,91.5,1,31.3,17.2,9.5,42,70.9,29.1,"N.Tourist"
"114","006001",1,12,86,6043,68866,31982,9.5,2.4,13.8,1.4,82.7,2.1,26.3,16,12.2,45.5,85,15,"N.Tourist"
"115","006002",1,12,86,5479,55477,24979,11.4,7,14.2,2.1,82.1,1.6,28.8,17.5,10.2,43.5,83,17,"N.Tourist"
"116","006102",2,12,86,5840,99261,66193,4.7,2,39,0,59.8,1.2,11.7,28.8,37.7,21.8,92.7,7.3,"N.Tourist"
"117","006201",1,12,86,3236,44528,23118,18.6,1.8,10.3,0.8,87.3,1.6,23.3,20.2,13.9,42.6,62.5,37.5,"N.Tourist"
"118","006205",2,12,86,4134,39000,31237,19,4.4,16.6,0,79.2,4.2,21.1,23.1,19.7,36.1,73.6,26.4,"N.Tourist"
"119","006301",3,12,86,7258,26732,17575,25.4,6.6,7.8,0,92.2,0,38.7,19.7,4,37.6,58.6,41.4,"N.Tourist"
"120","006302",3,12,86,4680,44477,24886,14.4,11.3,7.7,1.4,89.8,1.1,24.3,20.5,14.6,40.6,75.9,24.1,"N.Tourist"
"121","006501",3,12,86,3926,39250,18258,24.5,2.2,8,0,92,0,42.1,13.5,7.4,37,65.7,34.3,"N.Tourist"
"122","006503",3,12,86,2489,33333,24036,15.5,11.7,7.4,1.8,88.6,2.2,29,16,8.9,46.1,73.8,26.2,"N.Tourist"
"123","006504",3,12,86,2710,50360,24835,14.3,5,11.2,0,87.5,1.3,26.2,24.5,13.2,36.1,78.2,21.8,"N.Tourist"
"124","006601",3,12,86,7062,34152,24864,19.3,3.9,12.7,1.6,83.7,2,18.9,21.9,12.8,46.4,68.5,31.5,"N.Tourist"
"125","006705",4,12,86,3101,88024,84907,11.9,4.9,41.7,2,51.7,4.6,6.8,25.8,41.8,25.6,75.7,24.3,"N.Tourist"
"126","006709",2,12,86,1163,105313,111292,15.4,1.3,46.1,7.2,36.1,10.6,8.5,33,37.7,20.8,68.6,31.4,"N.Tourist"
"127","006714",4,12,86,1782,71046,53194,16.6,3.8,31.8,0,63.4,4.8,5.1,35.8,40,19.1,73.1,26.9,"N.Tourist"
"128","006802",3,12,86,3567,121406,83349,7.7,3.7,50.4,1.1,47,1.5,7.2,35.5,34.3,23,95,5,"Tourist"
"129","006900",3,12,86,6441,47894,29341,17,6.3,14.1,0.4,83.3,2.2,24.8,20.5,13.2,41.5,75.3,24.7,"N.Tourist"
"130","007002",3,12,86,7763,41103,23621,22.8,10.4,7.1,2.5,89.8,0.6,31.6,21.7,6.4,40.3,66,34,"N.Tourist"
"131","007200",3,12,86,3049,31250,22891,30,15.2,13.4,70.1,16.2,0.3,31.5,16.4,13,39.1,89.7,10.3,"Tourist"
"132","007300",3,12,86,4014,156938,86325,7.5,8.2,53.7,1.2,41.6,3.5,7.2,31.5,41.7,19.6,87.9,12.1,"Tourist"
"133","007501",2,12,86,2997,144107,72887,6.3,2.7,33.2,2.2,63.4,1.2,8.7,34.7,36.6,20,95.1,4.9,"N.Tourist"
"134","007503",2,12,86,927,97885,51038,13.4,0.6,51.7,0,42.9,5.4,11.9,23,44.4,20.7,92.7,7.3,"N.Tourist"
"135","007603",2,12,86,3743,31595,19127,27.1,21.8,21.8,37.2,38.3,2.7,33.1,12.1,16.3,38.5,86.9,13.1,"N.Tourist"
"136","007605",1,12,86,4156,62875,36412,16.6,6.4,29.1,1.9,63.1,5.9,11.3,28.9,24.7,35.1,81.3,18.7,"N.Tourist"
"137","007702",1,12,86,6224,81125,43277,8.5,1.1,19.8,0.5,78.8,0.9,20.8,22.7,14.8,41.7,86.6,13.4,"N.Tourist"
"138","007705",1,12,86,4628,57457,40943,7.2,9,15.7,3.4,77.4,3.5,18,27.8,25.4,28.8,79.5,20.5,"N.Tourist"
"139","007806",2,12,86,4396,229063,97160,3.6,5.4,44.9,1,48.1,6,9.8,32.6,35.3,22.3,92.5,7.5,"N.Tourist"
"140","007807",2,12,86,4531,106886,67957,3.6,4.9,44.7,0.2,49.4,5.7,8,26,37.1,28.9,86.1,13.9,"N.Tourist"
"141","007902",1,12,86,3165,113598,85565,3,0,50,0,44.7,5.3,6.1,37,30.2,26.7,90.5,9.5,"N.Tourist"
"142","008304",1,12,86,8869,41957,18508,20,16.5,4.2,73.8,21.5,0.5,42.3,8.3,6.1,43.3,90.2,9.8,"N.Tourist"
"143","008305",1,12,86,5338,83681,39184,7.6,4.2,35.2,10.8,49.8,4.2,18.6,29.8,20.4,31.2,87.6,12.4,"N.Tourist"
"144","008306",1,12,86,8690,54875,19760,14.8,12.7,8.3,32.4,52.4,6.9,33.7,13.4,6.5,46.4,76.7,23.3,"N.Tourist"
"145","008307",1,12,86,7181,51313,17151,17,10.8,9.1,37.4,48.4,5.1,38.6,14,4.4,43,76.2,23.8,"N.Tourist"
"146","008308",1,12,86,5584,47621,19014,19.8,7.7,15.6,30.4,51,3,27.1,20.7,6.6,45.6,73.7,26.3,"N.Tourist"
"147","008309",1,12,86,4851,29539,9945,46.2,21.2,2.9,80.4,15.2,1.5,51.2,4.5,1.9,42.4,96.2,3.8,"N.Tourist"
"148","008405",1,12,86,5804,90000,51419,9,8.1,35.5,1.9,59.3,3.3,20,19,28.1,32.9,90.8,9.2,"N.Tourist"
"149","008409",1,12,86,5492,72298,44936,6.6,5.6,30.8,6.4,53.4,9.4,19.7,25.7,16.8,37.8,94.7,5.3,"N.Tourist"
"150","008601",1,12,86,4836,47250,21251,12.5,3.7,6.7,0.2,88.1,5,32.3,17.4,13.1,37.2,71.2,28.8,"N.Tourist"
"151","008803",1,12,86,6710,38105,20676,22.8,5.9,5.9,0,93.8,0.3,33.7,20.3,7.9,38.1,77.1,22.9,"N.Tourist"
"152","008805",1,12,86,5643,29512,13557,27.2,3.6,5,0.7,94.2,0.1,41.6,12.5,3,42.9,69.1,30.9,"N.Tourist"
"153","008806",1,12,86,4172,45368,19267,14.8,5.2,3.9,0.1,95.8,0.2,31.6,24.9,5.9,37.6,71.6,28.4,"N.Tourist"
"154","008901",1,12,86,7419,79436,27752,7.4,4,5,0.1,94.9,0,32.8,16,12.2,39,90.7,9.3,"N.Tourist"
"155","008902",1,12,86,6334,41500,22125,9.8,9.2,5,0.6,94.3,0.1,36.1,17.7,9.6,36.6,76.4,23.6,"N.Tourist"
"156","008907",1,12,86,4750,44459,21679,14.2,5.5,9.9,0.3,84.1,5.7,31.3,20.9,11.8,36,77.9,22.1,"N.Tourist"
"157","009006",1,12,86,10404,47859,21784,13.6,10,4.7,2.1,91.3,1.9,21,22.4,8.4,48.2,77,23,"N.Tourist"
"158","009010",1,12,86,4961,87879,32552,4.2,9.3,15.6,0.2,83.6,0.6,24.9,25.8,18.3,31,75.7,24.3,"Tourist"
"159","009015",1,12,86,5689,38791,21947,14.3,4.7,4.5,0,94.8,0.7,29.7,20.3,11.2,38.8,71.9,28.1,"N.Tourist"
"160","009017",2,12,86,6297,34628,14310,23.5,8.9,3.4,0,94.6,2,34.6,10.5,4.5,50.4,65.4,34.6,"N.Tourist"
"161","009019",1,12,86,4783,58583,22225,7.3,6.6,3,0.3,95.9,0.8,24,19.6,7.9,48.5,91.7,8.3,"N.Tourist"
"162","009020",2,12,86,2859,24907,14543,26.6,10.6,2,0,98,0,29.5,14.7,2.9,52.9,60.6,39.4,"N.Tourist"
"163","009021",2,12,86,5160,36534,13516,27.5,2.4,1.8,0.5,96.7,1,31.1,11.4,4.1,53.4,61.2,38.8,"N.Tourist"
"164","009024",4,12,86,5135,50105,20991,13.4,6.6,6.4,1.3,88,4.3,22.5,25.3,8.3,43.9,63.8,36.2,"N.Tourist"
"165","009026",1,12,86,2286,23631,12481,23.4,3.5,4.5,0,93.6,1.9,33.1,17.4,2.6,46.9,68,32,"N.Tourist"
"166","009030",1,12,86,5293,44182,17874,16.3,10.1,3.7,0.5,95.2,0.6,27.6,20.9,5.7,45.8,60.7,39.3,"N.Tourist"
"167","009031",4,12,86,3677,42961,18377,17.8,8.1,2.9,0.4,94.4,2.3,35.5,20.3,4.7,39.5,64.5,35.5,"N.Tourist"
"168","009034",2,12,86,8216,77599,32409,9.8,4.9,14.2,3.5,73.6,8.7,14.8,33,18.2,34,73.6,26.4,"N.Tourist"
"169","009038",4,12,86,8816,74336,26176,10,6.6,10.6,3.5,82.7,3.2,18.2,41.8,13.2,26.8,63.7,36.3,"N.Tourist"
"170","009040",2,12,86,663,75813,33811,14.5,9.5,6,4.1,89.9,0,20.5,12.6,24.7,42.2,56.1,43.9,"N.Tourist"
"171","009043",4,12,86,4963,86436,26109,14,1.4,10.6,1.2,87.1,1.1,11.4,44.1,24.8,19.7,67.7,32.3,"N.Tourist"
"172","009044",4,12,86,2359,36303,17040,31.7,2.6,6.2,0,92.6,1.2,21.7,35.9,17.5,24.9,39.1,60.9,"N.Tourist"
"173","009047",4,12,86,3235,57813,22962,15.6,5,9.9,3.2,84.7,2.2,20.6,41.9,12,25.5,52.7,47.3,"N.Tourist"
"174","009100",1,12,86,8851,37106,12769,27,11.8,5.9,13.9,79.4,0.8,34.8,7.5,3.8,53.9,69.7,30.3,"N.Tourist"
"175","009305",2,12,86,4883,69032,33039,8.1,4.6,20.9,0.9,77.1,1.1,23,22.7,13.8,40.5,90.8,9.2,"N.Tourist"
"176","009308",2,12,86,8144,19568,11668,45.6,13.5,3.7,0.1,93.9,2.3,32.3,7.4,2.9,57.4,48.1,51.9,"N.Tourist"
"177","009309",2,12,86,7624,30376,14758,20.9,5.9,3.1,0,96.9,0,34.9,8.9,4.3,51.9,73.7,26.3,"N.Tourist"
"178","009311",2,12,86,6562,35757,17901,19.4,8,2.8,0.3,96.2,0.7,33.3,13.3,6.6,46.8,69.2,30.8,"N.Tourist"
"179","009313",1,12,86,5360,52334,29066,11.2,3,18.3,1.2,79.1,1.4,29.7,22.6,10.9,36.8,91.8,8.2,"N.Tourist"
"180","009315",4,12,86,2864,23080,17015,28.2,8.6,7.5,0.3,91.6,0.6,40.7,13.9,7.9,37.5,59.2,40.8,"N.Tourist"
"181","009504",2,12,86,5278,44306,17570,22.2,14.1,3.5,82.9,13.2,0.4,36.3,8.7,3.6,51.4,89.4,10.6,"N.Tourist"
"182","009600",1,12,86,7608,32268,14405,22.8,13,3.9,85.6,10.5,0,30.8,7.4,2.2,59.6,77.7,22.3,"N.Tourist"
"183","009703",1,12,86,3386,97575,44753,3.9,11.8,58.4,0.3,35.9,5.4,11.5,40.1,24.8,23.6,90.9,9.1,"N.Tourist"
"184","009706",1,12,86,3986,45294,37455,15.7,8.8,31.1,9.3,57.4,2.2,20.5,30.9,10.8,37.8,69,31,"N.Tourist"
"185","009803",1,12,86,5072,47222,21102,9.1,6.5,15.8,49.2,31.5,3.5,31.6,15.8,8.4,44.2,88.9,11.1,"N.Tourist"
"186","009808",1,12,86,4897,32875,22612,12.5,9.9,15.1,42.2,37.7,5,27.2,11.4,11.5,49.9,78.9,21.1,"N.Tourist"
"187","009903",2,12,86,4754,48138,23041,17.8,17.2,0.6,91.8,6.7,0.9,26.6,11.8,12.5,49.1,91,9,"N.Tourist"
"188","009905",2,12,86,6116,59736,19472,11.7,10.5,7.6,82.3,7.4,2.7,34.4,8.8,8.8,48,89.2,10.8,"N.Tourist"
"189","010006",2,12,86,8778,39776,16264,22.7,9.8,3.4,42.1,54.5,0,41,6.7,4.9,47.4,77.4,22.6,"N.Tourist"
"190","010009",2,12,86,8145,38990,17641,22.7,8.9,5.5,38.3,55.5,0.7,44.5,4.7,4.9,45.9,83.1,16.9,"N.Tourist"
"191","010012",2,12,86,5689,51350,18980,16.1,11.9,0.2,86.5,9.5,3.8,31.3,18,4.2,46.5,92.2,7.8,"N.Tourist"
"192","010013",1,12,86,4562,55391,18044,20.6,9.1,2.1,24.6,70,3.3,33.5,17.4,4.7,44.4,79.2,20.8,"N.Tourist"
"193","010015",2,12,86,4107,27786,11520,35,7.9,7,2,87.1,3.9,42.5,9.1,3.5,44.9,66.2,33.8,"N.Tourist"
"194","010016",1,12,86,5369,50025,15831,18.2,14.2,2.1,20.1,77.6,0.2,37,15,4.7,43.3,83.5,16.5,"N.Tourist"
"195","010193",1,12,86,3234,94665,31133,3.6,2.1,10.1,6.4,75.1,8.4,24,17.2,19.9,38.9,85.1,14.9,"N.Tourist"
"196","010205",1,12,86,5499,36607,14862,29.1,11.7,9.6,16.4,71.6,2.4,34,12.9,2.3,50.8,75.6,24.4,"N.Tourist"
"197","010207",1,12,86,3847,23453,14040,27.2,6.8,10.8,30.3,58.1,0.8,30.8,17.2,3.9,48.1,72.9,27.1,"N.Tourist"
"198","010210",1,12,86,6863,35000,14527,22.5,8.5,4.9,21.7,66.2,7.2,37.7,9.1,4.6,48.6,74.7,25.3,"N.Tourist"
"199","010609",2,12,86,5849,35134,14788,22.9,14,13.7,27.6,55,3.7,31.3,15.3,4.2,49.2,77.2,22.8,"N.Tourist"
"200","010613",2,12,86,5362,40436,23433,12.7,10.8,26.1,11.6,59.5,2.8,21.3,29.7,13.9,35.1,82.9,17.1,"Tourist"
"201","010703",1,12,86,13393,43973,17816,31.8,11.9,10.2,24.5,63.9,1.4,29.7,9.3,4.8,56.2,79.1,20.9,"N.Tourist"
"202","010801",1,12,86,7662,33477,12024,36,12.9,3.7,21.9,73.2,1.2,33.1,7,1.6,58.3,75.5,24.5,"N.Tourist"
"203","011003",1,12,86,4726,34216,11708,32.3,14.2,6.7,14.3,77,2,41.6,6.5,3.3,48.6,80,20,"N.Tourist"
"204","011005",1,12,86,6845,52232,17969,21.1,15.3,4.9,16.3,77.4,1.4,31.3,11.1,2.1,55.5,77.7,22.3,"N.Tourist"
"205","011101",2,12,86,9434,31887,11192,36.9,12.8,6.1,14.3,78.4,1.2,28.6,4.5,3.2,63.7,60,40,"N.Tourist"
"206","011102",1,12,86,6737,64444,26938,6.3,11.1,34.8,7.6,56.3,1.3,26.9,14.2,4.4,54.5,94,6,"Tourist"
"207","011202",2,12,86,7407,29593,14264,36.9,8,16.7,6.9,73,3.4,20.7,7.3,1.5,70.5,69.1,30.9,"N.Tourist"
"208","011401",2,12,86,18578,60317,22626,16.2,10.2,23.1,24.7,47.2,5,25.4,20.2,10.5,43.9,89,11,"N.Tourist"
"209","011404",1,12,86,9187,25909,6703,45.3,16,19,25.3,54.3,1.4,29.7,4.2,1,65.1,76.1,23.9,"N.Tourist"
"210","011700",1,12,86,7587,32419,15571,22.9,4.5,6,7.7,85.9,0.4,37,7.8,6.1,49.1,67.5,32.5,"N.Tourist"
"211","011800",1,12,86,3391,64281,23420,9,7.3,14,19.1,63,3.9,33.9,17.3,8.2,40.6,86.1,13.9,"N.Tourist"
"212","011900",1,12,86,5503,52921,24209,14.2,6.8,11.3,6,80.9,1.8,24.9,16.2,10.3,48.6,86.8,13.2,"N.Tourist"
"213","012000",1,12,86,8990,33419,15403,27.2,7.9,7,5.4,87.5,0.1,32.3,16.8,5.6,45.3,60,40,"N.Tourist"
"214","012300",1,12,86,7473,72500,23066,6.8,3.3,4.9,7.5,86.7,0.9,26.8,18.3,7.2,47.7,84,16,"N.Tourist"
"215","012500",2,12,86,6711,44947,18384,10.4,5.5,2.4,1.6,95.8,0.2,34.4,10,6.1,49.5,74,26,"N.Tourist"
"216","012600",4,12,86,7481,46223,16980,19.4,3.8,1.7,0.1,97.3,0.9,40.6,11.1,4.5,43.8,77.6,22.4,"N.Tourist"
"217","012800",2,12,86,9202,92931,27565,5.7,2.3,7.9,1.4,87.9,2.8,16.4,24.4,11.6,47.6,85.2,14.8,"N.Tourist"
"218","012900",2,12,86,4537,38429,16513,14.2,7.1,0.3,0.6,99.1,0,31.3,16.7,4.1,47.9,69.2,30.8,"N.Tourist"
"219","013100",2,12,86,5711,34213,13360,24.3,10.7,3.1,0.1,96.7,0.1,36.2,12.4,2.2,49.2,67.2,32.8,"N.Tourist"
"220","013200",4,12,86,6293,53371,19006,13.3,5.1,3.3,0.1,95.6,1,37.6,12.8,4.6,45,76.5,23.5,"N.Tourist"
"221","013400",4,12,86,6431,40768,14209,24.7,15.4,3.2,1.2,95.5,0.1,40.5,8,7.2,44.3,63.5,36.5,"N.Tourist"
"222","013500",2,12,86,5580,32357,13207,23,7.6,1.7,0.3,97.2,0.8,44,9.9,1.6,44.5,57.1,42.9,"N.Tourist"
"223","013900",4,12,86,4983,55819,20051,9,4.6,2,0.6,97.4,0,34.2,12,3.9,49.9,76.9,23.1,"N.Tourist"
"224","014200",1,12,86,5858,69141,23001,9.2,7.3,4,0.4,94.4,1.2,30.1,17.6,9.4,42.9,81.2,18.8,"N.Tourist"
"225","014300",1,12,86,3669,71250,28072,6,6.9,4.2,0.4,93.8,1.6,25.6,23.3,13.3,37.8,84.7,15.3,"N.Tourist"
"226","014700",1,12,86,6703,35613,18752,21.5,4.6,6.8,0,90.2,3,31,21,9,39,75.5,24.5,"N.Tourist"
"227","015000",1,12,86,9158,68289,26878,11.7,6.8,5.2,0.3,93.7,0.8,27.8,16.4,10.3,45.5,84.5,15.5,"N.Tourist"
"228","015200",1,12,86,7551,83825,25707,8,4.8,5.9,1.9,91.8,0.4,22.5,24.2,11.3,42,87.3,12.7,"N.Tourist"
"229","015400",1,12,86,5566,50231,25377,12.6,9,3.4,0.8,95.4,0.4,29.7,21.3,9.6,39.4,87.1,12.9,"N.Tourist"
"230","015800",1,12,86,4911,43405,22000,10.6,5.5,8.7,1,90,0.3,42.3,12.7,4.2,40.8,80.9,19.1,"N.Tourist"
"231","015900",1,12,86,4016,57917,22090,22.1,3.6,9.5,0,89,1.5,32.9,12.3,5,49.8,87.9,12.1,"N.Tourist"
"232","016200",2,12,86,3609,50819,23594,18.5,7.6,9.1,0.1,90.6,0.2,22.2,24.5,6.5,46.8,71.9,28.1,"N.Tourist"
"233","016300",1,12,86,5404,82608,31240,8,4.6,10.6,0.4,84.8,4.2,18.7,26.1,10.8,44.4,87.4,12.6,"N.Tourist"
"234","016400",1,12,86,6395,71424,24540,11.7,6,6.4,1.6,90.7,1.3,31.6,22,9.9,36.5,85.3,14.7,"N.Tourist"
"235","016600",1,12,86,3754,45347,21848,11,5.2,6.3,8.1,83.9,1.7,29.7,16.9,6,47.4,80.7,19.3,"N.Tourist"
"236","016800",1,12,86,4222,61852,23284,10.2,7.3,9.1,1.2,85.9,3.8,29.5,19.6,7.3,43.6,88,12,"N.Tourist"
"237","017100",1,12,86,6921,39140,21116,11.2,10.3,5.6,1.3,90.8,2.3,26.6,20.2,3.9,49.3,79.9,20.1,"N.Tourist"
"238","017300",1,12,86,4785,50771,21730,14.1,7.3,11,1.4,86.4,1.2,27.4,22.5,7.1,43,67.9,32.1,"N.Tourist"
"239","017700",1,12,86,4487,42760,19079,20.3,5.5,6.6,2.6,90,0.8,38.4,17.8,4.4,39.4,73.7,26.3,"N.Tourist"
"240","017800",1,12,86,6322,35896,15320,23.5,7.5,3.5,1,95.5,0,24.8,22.6,2.1,50.5,51.6,48.4,"N.Tourist"
"241","017900",1,12,86,8645,72244,24230,6.8,6.6,16.3,1.4,76.6,5.7,18.9,25.1,9.9,46.1,78.3,21.7,"N.Tourist"
"242","018000",1,12,86,8707,77746,25444,11.5,6.1,14.6,1.3,80.8,3.3,15.8,26.9,11.6,45.7,80.2,19.8,"N.Tourist"
"243","018100",1,12,86,5141,51964,20950,12,6.6,18.3,2.6,77.2,1.9,28.6,19,4.5,47.9,78.2,21.8,"N.Tourist"
"244","018300",1,12,86,5863,69219,22880,14,7,15,1.9,76.8,6.3,22.3,28.4,8.9,40.4,80.8,19.2,"N.Tourist"
"245","018600",1,12,86,9172,62130,22143,5.1,11.2,15.7,3.4,79.1,1.8,26.4,15.8,9,48.8,82,18,"N.Tourist"
"246","018700",1,12,86,5445,79154,22606,7.3,4.8,12.8,3.5,80.1,3.6,27.2,23.4,9.8,39.6,82.2,17.8,"N.Tourist"
"247","018900",1,12,86,6829,67218,29685,12.1,7.5,33.1,4,55.6,7.3,15.9,31.6,12.1,40.4,87.5,12.5,"N.Tourist"
"248","019200",1,12,86,5677,66285,24861,9.6,7.8,31,4.5,58,6.5,22.7,16.6,12.6,48.1,93.8,6.2,"N.Tourist"
"249","019600",1,12,86,6571,107550,27064,15.3,4.9,18.2,6.7,66.5,8.6,21.4,22.3,8.7,47.6,87,13,"N.Tourist"
"250","020000",1,12,86,6528,62065,22768,13,5.1,13.9,6.7,77.6,1.8,27.8,19,8.1,45.1,79.5,20.5,"N.Tourist"
"251","020300",1,12,86,3691,45609,16796,19,9,9.6,12.2,76,2.2,39.5,9.2,3,48.3,77.7,22.3,"N.Tourist"
"252","490100",3,12,86,1893,33036,17253,28.2,7.2,1.6,0.4,97.7,0.3,34.6,9.4,3.5,52.5,64.6,35.4,"N.Tourist"
"253","980300",2,12,86,4584,136667,2796,50,11.8,61.3,11.6,14.7,12.4,26.9,30.6,13,29.5,92.2,7.8,"N.Tourist"
